TYPE,name,surname,pesel,height,weight,emailaddress
STUDENT,Malina,Eno,30668280097,156,104,Malina.Eno@yopmail.com
STUDENT,Malina,Eno,30668280097,156,104,Malina.Eno@yopmail.com
STUDENT,Malina,Eno,30668280097,156,104,Malina.Eno@yopmail.com
STUDENT,Malina,Eno,30668280097,156,104,Malina.Eno@yopmail.com
STUDENT,Malina,Eno,30668280097,156,104,Malina.Eno@yopmail.com
STUDENT,Malina,Eno,30668280097,156,104,Malina.Eno@yopmail.com
STUDENT,Malina,Eno,30668280097,156,104,Malina.Eno@yopmail.com
STUDENT,Malina,Eno,30668280097,156,104,Malina.Eno@yopmail.com