TYPE,name,surname,pesel,height,weight,emailaddress
STUDENT,Malina,Eno,30668280097,156,104,Malina.Eno@yopmail.com
PENSIONER,Maurene,Dawkins,43502127105,189,96,Maurene.Dawkins@yopmail.com
PENSIONER,Merle,Ilka,38638120958,164,117,Merle.Ilka@yopmail.com
EMPLOYEE,Blondelle,Eachern,29911702284,181,45,Blondelle.Eachern@yopmail.com
STUDENT,Jessamyn,Lesley,45295351921,153,116,Jessamyn.Lesley@yopmail.com
PENSIONER,Melanie,Jary,44431552809,168,103,Melanie.Jary@yopmail.com
EMPLOYEE,Elbertina,Colyer,45297991250,174,71,Elbertina.Colyer@yopmail.com
PENSIONER,Alejandra,Rooney,41842342018,159,112,Alejandra.Rooney@yopmail.com
PENSIONER,Ofilia,Mike,39881200526,198,85,Ofilia.Mike@yopmail.com
PENSIONER,Anallese,Georas,45384458959,177,79,Anallese.Georas@yopmail.com
STUDENT,Corina,Vins,39996383031,175,75,Corina.Vins@yopmail.com
EMPLOYEE,Genevra,Chem,49119813610,174,50,Genevra.Chem@yopmail.com
STUDENT,Deane,Kathie,32745044575,193,76,Deane.Kathie@yopmail.com
PENSIONER,Ricky,Bebe,28233105419,153,99,Ricky.Bebe@yopmail.com
EMPLOYEE,Hallie,Harned,27513490213,163,95,Hallie.Harned@yopmail.com
EMPLOYEE,Abbie,Sheedy,40579441064,194,94,Abbie.Sheedy@yopmail.com
PENSIONER,Lenna,Killigrew,46944595201,192,77,Lenna.Killigrew@yopmail.com
EMPLOYEE,Lanna,Raul,33895082356,195,54,Lanna.Raul@yopmail.com
PENSIONER,Albertina,Karl,26743577223,150,93,Albertina.Karl@yopmail.com
EMPLOYEE,Yolane,Obed,31924497160,161,94,Yolane.Obed@yopmail.com
EMPLOYEE,Jerry,Lipson,34006260456,156,61,Jerry.Lipson@yopmail.com
STUDENT,Jemie,Casimir,38167153110,178,49,Jemie.Casimir@yopmail.com
STUDENT,Christy,Stefa,25033570469,165,74,Christy.Stefa@yopmail.com
PENSIONER,Tatiania,Esmaria,34832039220,166,66,Tatiania.Esmaria@yopmail.com
PENSIONER,Dode,Vastah,49581126784,192,114,Dode.Vastah@yopmail.com
PENSIONER,Lacie,Sharl,27707894080,159,97,Lacie.Sharl@yopmail.com
EMPLOYEE,Selma,Sasnett,47179644338,140,52,Selma.Sasnett@yopmail.com
STUDENT,Darlleen,Blisse,35484131865,148,52,Darlleen.Blisse@yopmail.com
EMPLOYEE,Maurene,Magnolia,37238637374,175,109,Maurene.Magnolia@yopmail.com
EMPLOYEE,Kirbee,Markman,34333496094,153,77,Kirbee.Markman@yopmail.com
STUDENT,Yolane,Ephrem,30315374139,157,93,Yolane.Ephrem@yopmail.com
PENSIONER,Barbara,Wallis,41867763626,166,49,Barbara.Wallis@yopmail.com
EMPLOYEE,Brianna,Burch,34619648771,181,74,Brianna.Burch@yopmail.com
STUDENT,Neila,Lytton,46972012364,187,60,Neila.Lytton@yopmail.com
PENSIONER,Genovera,Dorcy,32628426899,185,46,Genovera.Dorcy@yopmail.com
EMPLOYEE,Meghann,Carri,39619945674,140,91,Meghann.Carri@yopmail.com
STUDENT,Dari,Harday,28048152717,169,97,Dari.Harday@yopmail.com
EMPLOYEE,Corina,Buttaro,38243940977,176,117,Corina.Buttaro@yopmail.com
EMPLOYEE,Ninnetta,Millda,47189892925,165,115,Ninnetta.Millda@yopmail.com
PENSIONER,Frances,Publia,29565062526,189,51,Frances.Publia@yopmail.com
PENSIONER,Teddie,Riva,30557929783,163,59,Teddie.Riva@yopmail.com
PENSIONER,Angela,Sacken,43639347817,157,52,Angela.Sacken@yopmail.com
STUDENT,Jenilee,Friede,36236596195,189,104,Jenilee.Friede@yopmail.com
EMPLOYEE,Lyssa,Jacqui,25371046846,185,95,Lyssa.Jacqui@yopmail.com
STUDENT,Dorothy,Alice,32404309659,168,94,Dorothy.Alice@yopmail.com
PENSIONER,Alameda,Havens,33545307456,163,81,Alameda.Havens@yopmail.com
EMPLOYEE,Melisent,Christal,24480359524,177,84,Melisent.Christal@yopmail.com
PENSIONER,Lynnea,Andrel,33854292439,156,45,Lynnea.Andrel@yopmail.com
STUDENT,Nananne,Nikaniki,41507960255,171,113,Nananne.Nikaniki@yopmail.com
PENSIONER,Deedee,Bartlett,48983245676,148,49,Deedee.Bartlett@yopmail.com
PENSIONER,Charlena,Magdalen,37973612825,178,115,Charlena.Magdalen@yopmail.com
EMPLOYEE,Jinny,Jacinda,42048639188,175,55,Jinny.Jacinda@yopmail.com
PENSIONER,Tomasina,Halla,38633814875,196,85,Tomasina.Halla@yopmail.com
PENSIONER,Frank,Seumas,24874797966,168,58,Frank.Seumas@yopmail.com
STUDENT,Nyssa,Maroney,39742664077,165,114,Nyssa.Maroney@yopmail.com
EMPLOYEE,Ofilia,Tomasina,37297622879,166,113,Ofilia.Tomasina@yopmail.com
PENSIONER,Deirdre,Jess,35687480371,143,64,Deirdre.Jess@yopmail.com
STUDENT,Dorothy,Nerita,47847794448,166,86,Dorothy.Nerita@yopmail.com
EMPLOYEE,Heddie,Tomasina,32179624072,198,88,Heddie.Tomasina@yopmail.com
STUDENT,Tierney,Fairweather,48449031143,169,110,Tierney.Fairweather@yopmail.com
PENSIONER,Nonnah,Sothena,45704783990,197,113,Nonnah.Sothena@yopmail.com
EMPLOYEE,Marcy,Carri,24732278819,158,116,Marcy.Carri@yopmail.com
EMPLOYEE,Livvyy,Natalia,32015516789,162,82,Livvyy.Natalia@yopmail.com
EMPLOYEE,Yvonne,Calhoun,43457095656,159,93,Yvonne.Calhoun@yopmail.com
PENSIONER,Cindelyn,Argus,28246250593,193,80,Cindelyn.Argus@yopmail.com
PENSIONER,Gaylene,Sigfrid,40785738836,142,86,Gaylene.Sigfrid@yopmail.com
STUDENT,Katharina,Marijo,27859251652,151,55,Katharina.Marijo@yopmail.com
PENSIONER,Aili,Clarissa,32443484589,200,111,Aili.Clarissa@yopmail.com
EMPLOYEE,Elmira,Fontana,32962553865,186,119,Elmira.Fontana@yopmail.com
PENSIONER,Jerry,Vilma,38947063317,162,86,Jerry.Vilma@yopmail.com
PENSIONER,Grier,Kaete,31258815566,147,112,Grier.Kaete@yopmail.com
EMPLOYEE,Mady,Gabrielli,46064631903,183,57,Mady.Gabrielli@yopmail.com
STUDENT,Cherilyn,Si,45289398169,175,78,Cherilyn.Si@yopmail.com
EMPLOYEE,Mary,Schwejda,37222304323,189,49,Mary.Schwejda@yopmail.com
PENSIONER,Kara-Lynn,Berne,32992756151,149,59,Kara-Lynn.Berne@yopmail.com
EMPLOYEE,Sashenka,Audly,32478505622,140,96,Sashenka.Audly@yopmail.com
STUDENT,Luci,Nance,38959366507,148,104,Luci.Nance@yopmail.com
STUDENT,Pamella,Bakerman,38258535512,142,54,Pamella.Bakerman@yopmail.com
PENSIONER,Ezmeralda,Merat,37416699726,192,53,Ezmeralda.Merat@yopmail.com
EMPLOYEE,Pearline,Pond,46764122890,146,106,Pearline.Pond@yopmail.com
EMPLOYEE,Mara,Edison,37131870167,155,113,Mara.Edison@yopmail.com
EMPLOYEE,Danika,Magdalen,31960878099,185,65,Danika.Magdalen@yopmail.com
PENSIONER,Kenna,Brandice,36972111006,186,102,Kenna.Brandice@yopmail.com
STUDENT,Olivette,Wesle,44539626990,191,102,Olivette.Wesle@yopmail.com
STUDENT,Misha,Lory,47344881428,160,65,Misha.Lory@yopmail.com
EMPLOYEE,Elbertina,Dex,28645930721,184,63,Elbertina.Dex@yopmail.com
STUDENT,Pollyanna,Idelia,44664337641,148,110,Pollyanna.Idelia@yopmail.com,
EMPLOYEE,Cassondra,Muriel,30076711518,192,59,Cassondra.Muriel@yopmail.com
PENSIONER,Willetta,Greyson,33807779726,141,58,Willetta.Greyson@yopmail.com
EMPLOYEE,Kathi,Rurik,33211336014,174,117,Kathi.Rurik@yopmail.com
EMPLOYEE,Nicoli,Ovid,44083437926,167,62,Nicoli.Ovid@yopmail.com
PENSIONER,Charissa,Lumbard,42510252383,159,59,Charissa.Lumbard@yopmail.com
EMPLOYEE,Genevra,Prouty,34032968955,145,118,Genevra.Prouty@yopmail.com
STUDENT,Edith,Couture,30486945994,177,117,Edith.Couture@yopmail.com
PENSIONER,Minda,Florina,43010506340,182,51,Minda.Florina@yopmail.com
STUDENT,Laure,Leopold,41010214701,145,89,Laure.Leopold@yopmail.com
PENSIONER,Valli,Barbey,34619286596,182,70,Valli.Barbey@yopmail.com
PENSIONER,Carolina,Casimir,25478194991,162,101,Carolina.Casimir@yopmail.com
STUDENT,Lanae,Vharat,27999194766,174,97,Lanae.Vharat@yopmail.com
EMPLOYEE,Gretal,Granoff,44793997546,163,79,Gretal.Granoff@yopmail.com
STUDENT,Malina,Eno,30668280097,156,104,Malina.Eno@yopmail.com
PENSIONER,Maurene,Dawkins,43502127105,189,96,Maurene.Dawkins@yopmail.com
PENSIONER,Merle,Ilka,38638120958,164,117,Merle.Ilka@yopmail.com
EMPLOYEE,Blondelle,Eachern,29911702284,181,45,Blondelle.Eachern@yopmail.com
STUDENT,Jessamyn,Lesley,45295351921,153,116,Jessamyn.Lesley@yopmail.com
PENSIONER,Melanie,Jary,44431552809,168,103,Melanie.Jary@yopmail.com
EMPLOYEE,Elbertina,Colyer,45297991250,174,71,Elbertina.Colyer@yopmail.com
PENSIONER,Alejandra,Rooney,41842342018,159,112,Alejandra.Rooney@yopmail.com
PENSIONER,Ofilia,Mike,39881200526,198,85,Ofilia.Mike@yopmail.com
PENSIONER,Anallese,Georas,45384458959,177,79,Anallese.Georas@yopmail.com
STUDENT,Corina,Vins,39996383031,175,75,Corina.Vins@yopmail.com
EMPLOYEE,Genevra,Chem,49119813610,174,50,Genevra.Chem@yopmail.com
STUDENT,Deane,Kathie,32745044575,193,76,Deane.Kathie@yopmail.com
PENSIONER,Ricky,Bebe,28233105419,153,99,Ricky.Bebe@yopmail.com
EMPLOYEE,Hallie,Harned,27513490213,163,95,Hallie.Harned@yopmail.com
EMPLOYEE,Abbie,Sheedy,40579441064,194,94,Abbie.Sheedy@yopmail.com
PENSIONER,Lenna,Killigrew,46944595201,192,77,Lenna.Killigrew@yopmail.com
EMPLOYEE,Lanna,Raul,33895082356,195,54,Lanna.Raul@yopmail.com
PENSIONER,Albertina,Karl,26743577223,150,93,Albertina.Karl@yopmail.com
EMPLOYEE,Yolane,Obed,31924497160,161,94,Yolane.Obed@yopmail.com
EMPLOYEE,Jerry,Lipson,34006260456,156,61,Jerry.Lipson@yopmail.com
STUDENT,Jemie,Casimir,38167153110,178,49,Jemie.Casimir@yopmail.com
STUDENT,Christy,Stefa,25033570469,165,74,Christy.Stefa@yopmail.com
PENSIONER,Tatiania,Esmaria,34832039220,166,66,Tatiania.Esmaria@yopmail.com
PENSIONER,Dode,Vastah,49581126784,192,114,Dode.Vastah@yopmail.com
PENSIONER,Lacie,Sharl,27707894080,159,97,Lacie.Sharl@yopmail.com
EMPLOYEE,Selma,Sasnett,47179644338,140,52,Selma.Sasnett@yopmail.com
STUDENT,Darlleen,Blisse,35484131865,148,52,Darlleen.Blisse@yopmail.com
EMPLOYEE,Maurene,Magnolia,37238637374,175,109,Maurene.Magnolia@yopmail.com
EMPLOYEE,Kirbee,Markman,34333496094,153,77,Kirbee.Markman@yopmail.com
STUDENT,Yolane,Ephrem,30315374139,157,93,Yolane.Ephrem@yopmail.com
PENSIONER,Barbara,Wallis,41867763626,166,49,Barbara.Wallis@yopmail.com
EMPLOYEE,Brianna,Burch,34619648771,181,74,Brianna.Burch@yopmail.com
STUDENT,Neila,Lytton,46972012364,187,60,Neila.Lytton@yopmail.com
PENSIONER,Genovera,Dorcy,32628426899,185,46,Genovera.Dorcy@yopmail.com
EMPLOYEE,Meghann,Carri,39619945674,140,91,Meghann.Carri@yopmail.com
STUDENT,Dari,Harday,28048152717,169,97,Dari.Harday@yopmail.com
EMPLOYEE,Corina,Buttaro,38243940977,176,117,Corina.Buttaro@yopmail.com
EMPLOYEE,Ninnetta,Millda,47189892925,165,115,Ninnetta.Millda@yopmail.com
PENSIONER,Frances,Publia,29565062526,189,51,Frances.Publia@yopmail.com
PENSIONER,Teddie,Riva,30557929783,163,59,Teddie.Riva@yopmail.com
PENSIONER,Angela,Sacken,43639347817,157,52,Angela.Sacken@yopmail.com
STUDENT,Jenilee,Friede,36236596195,189,104,Jenilee.Friede@yopmail.com
EMPLOYEE,Lyssa,Jacqui,25371046846,185,95,Lyssa.Jacqui@yopmail.com
STUDENT,Dorothy,Alice,32404309659,168,94,Dorothy.Alice@yopmail.com
PENSIONER,Alameda,Havens,33545307456,163,81,Alameda.Havens@yopmail.com
EMPLOYEE,Melisent,Christal,24480359524,177,84,Melisent.Christal@yopmail.com
PENSIONER,Lynnea,Andrel,33854292439,156,45,Lynnea.Andrel@yopmail.com
STUDENT,Nananne,Nikaniki,41507960255,171,113,Nananne.Nikaniki@yopmail.com
PENSIONER,Deedee,Bartlett,48983245676,148,49,Deedee.Bartlett@yopmail.com
PENSIONER,Charlena,Magdalen,37973612825,178,115,Charlena.Magdalen@yopmail.com
EMPLOYEE,Jinny,Jacinda,42048639188,175,55,Jinny.Jacinda@yopmail.com
PENSIONER,Tomasina,Halla,38633814875,196,85,Tomasina.Halla@yopmail.com
PENSIONER,Frank,Seumas,24874797966,168,58,Frank.Seumas@yopmail.com
STUDENT,Nyssa,Maroney,39742664077,165,114,Nyssa.Maroney@yopmail.com
EMPLOYEE,Ofilia,Tomasina,37297622879,166,113,Ofilia.Tomasina@yopmail.com
PENSIONER,Deirdre,Jess,35687480371,143,64,Deirdre.Jess@yopmail.com
STUDENT,Dorothy,Nerita,47847794448,166,86,Dorothy.Nerita@yopmail.com
EMPLOYEE,Heddie,Tomasina,32179624072,198,88,Heddie.Tomasina@yopmail.com
STUDENT,Tierney,Fairweather,48449031143,169,110,Tierney.Fairweather@yopmail.com
PENSIONER,Nonnah,Sothena,45704783990,197,113,Nonnah.Sothena@yopmail.com
EMPLOYEE,Marcy,Carri,24732278819,158,116,Marcy.Carri@yopmail.com
EMPLOYEE,Livvyy,Natalia,32015516789,162,82,Livvyy.Natalia@yopmail.com
EMPLOYEE,Yvonne,Calhoun,43457095656,159,93,Yvonne.Calhoun@yopmail.com
PENSIONER,Cindelyn,Argus,28246250593,193,80,Cindelyn.Argus@yopmail.com
PENSIONER,Gaylene,Sigfrid,40785738836,142,86,Gaylene.Sigfrid@yopmail.com
STUDENT,Katharina,Marijo,27859251652,151,55,Katharina.Marijo@yopmail.com
PENSIONER,Aili,Clarissa,32443484589,200,111,Aili.Clarissa@yopmail.com
EMPLOYEE,Elmira,Fontana,32962553865,186,119,Elmira.Fontana@yopmail.com
PENSIONER,Jerry,Vilma,38947063317,162,86,Jerry.Vilma@yopmail.com
PENSIONER,Grier,Kaete,31258815566,147,112,Grier.Kaete@yopmail.com
EMPLOYEE,Mady,Gabrielli,46064631903,183,57,Mady.Gabrielli@yopmail.com
STUDENT,Cherilyn,Si,45289398169,175,78,Cherilyn.Si@yopmail.com
EMPLOYEE,Mary,Schwejda,37222304323,189,49,Mary.Schwejda@yopmail.com
PENSIONER,Kara-Lynn,Berne,32992756151,149,59,Kara-Lynn.Berne@yopmail.com
EMPLOYEE,Sashenka,Audly,32478505622,140,96,Sashenka.Audly@yopmail.com
STUDENT,Luci,Nance,38959366507,148,104,Luci.Nance@yopmail.com
STUDENT,Pamella,Bakerman,38258535512,142,54,Pamella.Bakerman@yopmail.com
PENSIONER,Ezmeralda,Merat,37416699726,192,53,Ezmeralda.Merat@yopmail.com
EMPLOYEE,Pearline,Pond,46764122890,146,106,Pearline.Pond@yopmail.com
EMPLOYEE,Mara,Edison,37131870167,155,113,Mara.Edison@yopmail.com
EMPLOYEE,Danika,Magdalen,31960878099,185,65,Danika.Magdalen@yopmail.com
PENSIONER,Kenna,Brandice,36972111006,186,102,Kenna.Brandice@yopmail.com
STUDENT,Olivette,Wesle,44539626990,191,102,Olivette.Wesle@yopmail.com
STUDENT,Misha,Lory,47344881428,160,65,Misha.Lory@yopmail.com
EMPLOYEE,Elbertina,Dex,28645930721,184,63,Elbertina.Dex@yopmail.com